promotion_id,product_id,promotion_type,discount_pct,start_date,end_date,target_category
PROMO_001,PROD_TOY_002,Category Markdown,30.0,2024-04-29,2024-05-13,Toys
PROMO_002,PROD_BOO_002,Holiday Special,30.0,2024-12-27,2025-01-06,Books
PROMO_003,PROD_BOO_005,Holiday Special,30.0,2023-03-09,2023-03-20,Books
PROMO_004,PROD_BOO_002,Clearance,10.0,2023-05-21,2023-06-04,Books
PROMO_005,PROD_ELE_005,Holiday Special,50.0,2024-04-27,2024-05-04,Electronics
PROMO_006,PROD_CLO_004,Loyalty Reward,30.0,2023-06-15,2023-06-21,Clothing
PROMO_007,PROD_BEA_002,Flash Sale,5.0,2024-01-05,2024-01-09,Beauty
PROMO_008,PROD_CLO_004,Holiday Special,50.0,2025-02-02,2025-02-06,Clothing
PROMO_009,PROD_BEA_005,Category Markdown,20.0,2023-07-08,2023-07-17,Beauty
PROMO_010,PROD_GRO_003,Clearance,5.0,2025-02-20,2025-03-04,Grocery
PROMO_011,PROD_ELE_005,Category Markdown,20.0,2024-03-26,2024-04-01,Electronics
PROMO_012,PROD_ELE_005,Clearance,25.0,2024-11-01,2024-11-11,Electronics
PROMO_013,PROD_TOY_005,Loyalty Reward,5.0,2025-02-01,2025-02-11,Toys
PROMO_014,PROD_BEA_003,Clearance,15.0,2024-03-02,2024-03-05,Beauty
PROMO_015,PROD_ELE_002,Clearance,50.0,2024-04-04,2024-04-15,Electronics
PROMO_016,PROD_BOO_002,Clearance,30.0,2024-10-30,2024-11-11,Books
PROMO_017,PROD_GRO_003,Clearance,5.0,2024-04-01,2024-04-04,Grocery
PROMO_018,PROD_SPO_002,Flash Sale,20.0,2023-11-22,2023-12-03,Sports
PROMO_019,PROD_BOO_001,Flash Sale,10.0,2024-12-14,2024-12-18,Books
PROMO_020,PROD_HOM_005,Clearance,30.0,2024-02-17,2024-02-23,Home & Kitchen
PROMO_021,PROD_TOY_004,Clearance,5.0,2024-02-02,2024-02-09,Toys
PROMO_022,PROD_TOY_001,Clearance,10.0,2024-11-26,2024-12-05,Toys
PROMO_023,PROD_BOO_002,Flash Sale,30.0,2023-07-18,2023-07-30,Books
PROMO_024,PROD_BEA_002,Loyalty Reward,20.0,2023-05-18,2023-05-29,Beauty
PROMO_025,PROD_CLO_002,Clearance,15.0,2025-02-19,2025-03-03,Clothing
PROMO_026,PROD_GRO_005,Loyalty Reward,30.0,2023-04-27,2023-05-04,Grocery
PROMO_027,PROD_TOY_003,Flash Sale,30.0,2024-08-19,2024-08-29,Toys
PROMO_028,PROD_CLO_002,Clearance,15.0,2023-08-22,2023-08-25,Clothing
PROMO_029,PROD_ELE_004,Loyalty Reward,15.0,2024-05-18,2024-05-22,Electronics
PROMO_030,PROD_BOO_005,Flash Sale,10.0,2024-07-14,2024-07-24,Books
PROMO_031,PROD_ELE_001,Flash Sale,20.0,2025-01-06,2025-01-11,Electronics
PROMO_032,PROD_GRO_005,Flash Sale,15.0,2023-09-12,2023-09-18,Grocery
PROMO_033,PROD_GRO_002,Loyalty Reward,50.0,2024-07-26,2024-08-01,Grocery
PROMO_034,PROD_HOM_004,Flash Sale,5.0,2023-08-24,2023-08-29,Home & Kitchen
PROMO_035,PROD_BOO_004,Loyalty Reward,25.0,2023-04-02,2023-04-12,Books
PROMO_036,PROD_SPO_002,Category Markdown,50.0,2025-02-21,2025-03-02,Sports
PROMO_037,PROD_BEA_002,Loyalty Reward,30.0,2024-03-20,2024-04-02,Beauty
PROMO_038,PROD_SPO_005,Flash Sale,20.0,2024-07-06,2024-07-09,Sports
PROMO_039,PROD_ELE_003,Clearance,25.0,2024-05-14,2024-05-18,Electronics
PROMO_040,PROD_BEA_005,Flash Sale,15.0,2025-01-17,2025-01-25,Beauty
PROMO_041,PROD_SPO_001,Clearance,25.0,2023-11-13,2023-11-18,Sports
PROMO_042,PROD_BOO_003,Flash Sale,10.0,2023-06-05,2023-06-17,Books
PROMO_043,PROD_CLO_002,Holiday Special,20.0,2025-01-12,2025-01-23,Clothing
PROMO_044,PROD_GRO_004,Loyalty Reward,15.0,2024-07-10,2024-07-14,Grocery
PROMO_045,PROD_CLO_002,Loyalty Reward,20.0,2023-07-05,2023-07-16,Clothing
PROMO_046,PROD_BEA_003,Holiday Special,10.0,2023-08-06,2023-08-13,Beauty
PROMO_047,PROD_BOO_004,Clearance,5.0,2024-03-23,2024-03-26,Books
PROMO_048,PROD_SPO_003,Flash Sale,5.0,2024-08-27,2024-09-09,Sports
PROMO_049,PROD_ELE_003,Loyalty Reward,25.0,2023-03-18,2023-03-25,Electronics
PROMO_050,PROD_BOO_004,Category Markdown,10.0,2024-07-12,2024-07-18,Books
