return_id,order_id,customer_id,product_id,return_date,return_reason,return_status,refund_amount
RET_0001,ORD_01748,CUST_061,PROD_BOO_002,2024-11-28,Wrong Size/Item,Approved,159.1
RET_0002,ORD_00961,CUST_033,PROD_GRO_003,2024-11-03,Not as Described,Rejected,0.0
RET_0003,ORD_01714,CUST_005,PROD_HOM_002,2024-07-16,Damaged Packaging,Rejected,0.0
RET_0004,ORD_01126,CUST_065,PROD_BEA_003,2023-04-14,Changed Mind,Refunded,54.31
RET_0005,ORD_00698,CUST_040,PROD_TOY_005,2024-09-22,Not as Described,Approved,477.82
RET_0006,ORD_00297,CUST_020,PROD_CLO_002,2024-10-08,Wrong Size/Item,Refunded,873.76
RET_0007,ORD_01016,CUST_038,PROD_SPO_002,2023-08-14,Defective Product,Refunded,99.0
RET_0008,ORD_00619,CUST_074,PROD_SPO_003,2023-10-25,Changed Mind,Refunded,93.78
RET_0009,ORD_01823,CUST_056,PROD_HOM_002,2024-12-24,Damaged Packaging,Refunded,65.68
RET_0010,ORD_00429,CUST_072,PROD_TOY_005,2024-07-12,Not as Described,Rejected,0.0
RET_0011,ORD_01824,CUST_066,PROD_GRO_002,2025-02-02,Changed Mind,Refunded,345.64
RET_0012,ORD_00252,CUST_082,PROD_SPO_005,2024-10-01,Defective Product,Approved,421.01
RET_0013,ORD_01344,CUST_088,PROD_BOO_004,2024-03-24,Wrong Size/Item,Rejected,0.0
RET_0014,ORD_00786,CUST_057,PROD_TOY_003,2024-02-19,Damaged Packaging,Refunded,419.74
RET_0015,ORD_01422,CUST_040,PROD_TOY_002,2023-08-13,Not as Described,Refunded,427.94
RET_0016,ORD_00524,CUST_005,PROD_GRO_004,2025-01-14,Defective Product,Refunded,383.79
RET_0017,ORD_00695,CUST_041,PROD_HOM_004,2023-12-20,Wrong Size/Item,Approved,385.66
RET_0018,ORD_01267,CUST_055,PROD_BEA_004,2023-07-09,Wrong Size/Item,Refunded,313.06
RET_0019,ORD_01683,CUST_032,PROD_SPO_004,2024-07-03,Defective Product,Rejected,0.0
RET_0020,ORD_00621,CUST_052,PROD_ELE_002,2024-04-25,Defective Product,Refunded,692.9
RET_0021,ORD_00948,CUST_085,PROD_BEA_001,2023-04-26,Wrong Size/Item,Rejected,0.0
RET_0022,ORD_00756,CUST_094,PROD_ELE_002,2023-04-09,Changed Mind,Approved,513.26
RET_0023,ORD_00012,CUST_013,PROD_SPO_002,2024-05-06,Defective Product,Rejected,0.0
RET_0024,ORD_01885,CUST_031,PROD_GRO_002,2024-04-15,Wrong Size/Item,Refunded,345.64
RET_0025,ORD_00664,CUST_064,PROD_SPO_002,2023-03-18,Not as Described,Rejected,0.0
RET_0026,ORD_00220,CUST_071,PROD_BOO_001,2024-11-13,Defective Product,Rejected,0.0
RET_0027,ORD_00197,CUST_083,PROD_SPO_002,2023-09-06,Not as Described,Rejected,0.0
RET_0028,ORD_01987,CUST_054,PROD_HOM_001,2024-09-25,Defective Product,Refunded,476.49
RET_0029,ORD_00967,CUST_079,PROD_GRO_004,2024-01-25,Defective Product,Approved,383.79
RET_0030,ORD_00089,CUST_100,PROD_HOM_005,2024-01-17,Damaged Packaging,Rejected,0.0
RET_0031,ORD_01608,CUST_042,PROD_TOY_005,2024-10-12,Damaged Packaging,Refunded,1194.55
RET_0032,ORD_00772,CUST_018,PROD_GRO_001,2023-05-07,Damaged Packaging,Refunded,599.1
RET_0033,ORD_01988,CUST_098,PROD_ELE_002,2023-11-15,Not as Described,Refunded,205.3
RET_0034,ORD_00851,CUST_067,PROD_GRO_002,2025-03-17,Defective Product,Rejected,0.0
RET_0035,ORD_00283,CUST_031,PROD_SPO_002,2023-05-31,Not as Described,Refunded,371.25
RET_0036,ORD_01093,CUST_052,PROD_TOY_003,2023-10-21,Defective Product,Approved,209.87
RET_0037,ORD_00949,CUST_094,PROD_TOY_002,2023-10-19,Defective Product,Approved,203.27
RET_0038,ORD_00592,CUST_020,PROD_HOM_004,2023-12-13,Not as Described,Refunded,1099.13
RET_0039,ORD_01529,CUST_017,PROD_CLO_005,2023-08-14,Damaged Packaging,Refunded,377.58
RET_0040,ORD_01836,CUST_012,PROD_HOM_001,2024-12-12,Damaged Packaging,Rejected,0.0
RET_0041,ORD_00846,CUST_090,PROD_GRO_004,2024-09-11,Changed Mind,Rejected,0.0
RET_0042,ORD_00717,CUST_002,PROD_TOY_005,2024-05-03,Not as Described,Approved,226.96
RET_0043,ORD_00598,CUST_083,PROD_GRO_005,2024-09-04,Wrong Size/Item,Rejected,0.0
RET_0044,ORD_00043,CUST_039,PROD_CLO_004,2023-12-08,Changed Mind,Rejected,0.0
RET_0045,ORD_01433,CUST_040,PROD_ELE_001,2024-02-02,Not as Described,Refunded,235.2
RET_0046,ORD_01763,CUST_028,PROD_CLO_002,2024-07-12,Damaged Packaging,Refunded,174.75
RET_0047,ORD_00027,CUST_030,PROD_HOM_002,2024-06-23,Damaged Packaging,Rejected,0.0
RET_0048,ORD_01650,CUST_076,PROD_GRO_001,2024-10-16,Changed Mind,Refunded,319.52
RET_0049,ORD_01192,CUST_096,PROD_GRO_005,2024-06-01,Damaged Packaging,Refunded,260.71
RET_0050,ORD_00939,CUST_063,PROD_BOO_005,2025-01-22,Damaged Packaging,Refunded,218.97
RET_0051,ORD_00465,CUST_007,PROD_CLO_002,2024-10-12,Wrong Size/Item,Refunded,155.34
RET_0052,ORD_01833,CUST_058,PROD_BEA_004,2024-07-04,Not as Described,Refunded,1565.31
RET_0053,ORD_00255,CUST_057,PROD_SPO_002,2023-06-10,Defective Product,Refunded,371.25
RET_0054,ORD_01526,CUST_057,PROD_HOM_005,2024-06-12,Defective Product,Refunded,393.53
RET_0055,ORD_00852,CUST_089,PROD_BOO_005,2024-01-24,Changed Mind,Refunded,48.66
RET_0056,ORD_01423,CUST_059,PROD_CLO_002,2023-04-21,Wrong Size/Item,Approved,310.67
RET_0057,ORD_00323,CUST_063,PROD_GRO_003,2024-08-14,Defective Product,Approved,141.34
RET_0058,ORD_00290,CUST_078,PROD_BEA_004,2025-02-02,Damaged Packaging,Rejected,0.0
RET_0059,ORD_01296,CUST_013,PROD_GRO_005,2023-04-10,Not as Described,Refunded,260.71
